doctor_id,doctor_name,department_id,branch_id,employment_type
1,Upma Yogi,4,1,Full-time
2,Netra Garde,1,2,Full-time
3,Yashawini Apte,5,5,Full-time
4,Raksha Modi,5,2,Visiting
5,Urmi Mahal,2,4,Visiting
6,Dalaja Bhatia,1,2,Visiting
7,Ojasvi Dube,3,3,Full-time
8,Faqid Sur,2,3,Full-time
9,Chatresh Swaminathan,1,4,Full-time
10,Girik Rana,3,3,Visiting
11,Yauvani Ahuja,1,4,Full-time
12,Devika Pingle,4,1,Visiting
13,Gavin Sachdev,6,5,Visiting
14,Kamala Dhawan,5,2,Full-time
15,Pranit Issac,1,2,Visiting
16,Gavin Kara,1,2,Full-time
17,Rishi Raju,4,3,Visiting
18,Frado Goel,6,3,Full-time
19,Nandini Mukherjee,3,3,Full-time
20,Tanveer Dayal,6,3,Full-time
21,Ganga Bora,5,2,Full-time
22,Baljiwan Chaudhry,2,4,Visiting
23,Falguni Srinivas,3,5,Full-time
24,Saumya Bail,6,3,Full-time
25,Falak Padmanabhan,2,1,Visiting
26,Upma Buch,4,3,Full-time
27,Eshana Jayaraman,2,5,Visiting
28,Laksh Prakash,2,4,Visiting
29,Arunima Tiwari,6,4,Full-time
30,Devansh Nanda,3,2,Full-time
31,Divya Edwin,6,5,Visiting
32,Gautam Ben,6,5,Visiting
33,Rohan Apte,5,4,Visiting
34,Reyansh Gill,2,2,Visiting
35,Siddharth Pau,1,1,Full-time
36,Kashvi Kashyap,2,2,Visiting
37,Anthony Jain,5,1,Visiting
38,Wishi De,4,5,Visiting
39,Finn Dyal,5,3,Full-time
40,Anusha Bhatti,6,1,Visiting
41,Anita Tiwari,6,3,Full-time
42,Radhika Suresh,3,4,Full-time
43,Azaan Rama,4,1,Visiting
44,Netra Basu,5,2,Full-time
45,Darpan Babu,6,3,Full-time
46,Eshana Mand,2,3,Full-time
47,Nitara Sood,5,5,Full-time
48,Kamya Chaudhuri,5,3,Visiting
49,Wakeeta More,1,1,Visiting
50,Dev Minhas,3,2,Full-time
51,Nachiket Chaudry,2,5,Full-time
52,Yamini Sen,1,4,Full-time
53,Keya Sunder,5,2,Full-time
54,Zaitra Chanda,6,4,Full-time
55,Prisha Shenoy,3,5,Visiting
56,Bimala Zachariah,2,5,Full-time
57,Baghyawati Tank,6,3,Visiting
58,Vanya Brar,6,3,Visiting
59,Sudiksha Kade,5,4,Full-time
60,Indrajit Barad,2,2,Full-time
61,Veda Sarraf,3,1,Full-time
62,Oviya Majumdar,5,2,Full-time
63,Vidhi Bhasin,1,1,Full-time
64,Kashvi Thaker,1,1,Visiting
65,Krisha Andra,1,5,Full-time
66,Xiti Agate,3,4,Full-time
67,Dayita Samra,5,2,Visiting
68,Pranit Kanda,2,4,Visiting
69,Xavier Sha,2,1,Full-time
70,Gaurav Dhar,6,4,Visiting
71,Rachana Buch,4,4,Visiting
72,Sai Sundaram,6,1,Full-time
73,Faraj Mukherjee,1,4,Visiting
74,Libni Goel,1,2,Full-time
75,Ishaan Banerjee,2,5,Visiting
76,Vaishnavi Narayan,2,4,Full-time
77,Anamika Rai,3,4,Full-time
78,Yochana Palan,1,4,Full-time
79,Hemal Rama,1,5,Full-time
80,Devika Kamdar,1,2,Full-time
81,Faraj Dash,4,4,Visiting
82,Harinakshi Chanda,2,4,Full-time
83,Alexander Naidu,2,4,Full-time
84,Omkaar Kothari,4,3,Visiting
85,Samaksh Barad,3,4,Visiting
86,Gautami Bajaj,2,2,Visiting
87,Jeremiah Rout,2,1,Full-time
88,Caleb Dasgupta,6,3,Full-time
89,Eshana Pathak,1,5,Visiting
90,Waida Chaudhuri,5,5,Full-time
91,Bhavani Manne,1,5,Full-time
92,Yadavi Bandi,2,1,Full-time
93,Dev Peri,6,2,Visiting
94,Jackson Viswanathan,1,5,Full-time
95,Dakshesh Sridhar,5,5,Full-time
96,Kalpit Mitter,5,1,Visiting
97,Urmi Rajagopalan,6,5,Visiting
98,Utkarsh Ghose,3,2,Visiting
99,Peter Subramanian,2,3,Visiting
100,Gagan Gandhi,2,3,Visiting
101,Wyatt Ravel,3,1,Full-time
102,Janya Sidhu,4,5,Full-time
103,Bahadurjit Mannan,1,5,Full-time
104,Kala Gokhale,5,3,Full-time
105,Leena Tak,3,1,Full-time
106,Tanish Tella,3,3,Full-time
107,Rajata Sinha,4,5,Visiting
108,Gautami Sabharwal,5,5,Full-time
109,Vanya Kashyap,6,5,Visiting
110,Anay Ghosh,6,1,Full-time
111,Ekiya Hayre,3,1,Full-time
112,Chasmum Sabharwal,6,5,Full-time
113,Ladli Ghosh,3,3,Full-time
114,Bhavika Pau,6,3,Full-time
115,Pushti Vaidya,6,3,Visiting
116,Tanvi Master,3,1,Full-time
117,Saumya Chopra,6,4,Visiting
118,Isaac Som,1,1,Visiting
119,Samesh Goel,2,3,Full-time
120,Isaiah Rama,6,4,Visiting
121,Chaaya Sane,5,1,Full-time
122,Vedant D’Alia,1,2,Full-time
123,Raghav Buch,3,5,Full-time
124,Nathaniel Khalsa,4,2,Full-time
125,Rohan Mahal,3,3,Full-time
126,Ishani Ganesh,3,2,Full-time
127,Dalaja Narayan,6,1,Visiting
128,Ira Lalla,5,4,Full-time
129,Gagan Mallick,2,2,Full-time
130,Zilmil Om,4,1,Full-time
131,Orinder Srinivasan,6,3,Visiting
132,George Gandhi,6,2,Visiting
133,Gaurav Bansal,2,1,Visiting
134,Sanaya Naik,1,4,Full-time
135,Charita Sarraf,2,4,Visiting
136,Aradhana Aggarwal,3,2,Full-time
137,Janani Sachar,1,2,Visiting
138,Balvan Chauhan,3,3,Full-time
139,Eesha Natt,3,3,Visiting
140,Kabir Chana,6,5,Visiting
141,Sara Banerjee,1,1,Visiting
142,Rushil Choudhary,2,5,Visiting
143,Faqid Sidhu,1,1,Visiting
144,Upadhriti Varkey,3,3,Visiting
145,Krish Murty,5,5,Full-time
146,Girish Munshi,4,5,Full-time
147,Rajata Walia,3,1,Visiting
148,Vidhi Dora,1,5,Full-time
149,Divya Rao,3,4,Full-time
150,Tara Sharaf,6,3,Visiting
151,Jackson Doshi,6,1,Visiting
152,Anamika Malhotra,5,3,Visiting
153,Viraj Pai,3,4,Visiting
154,Kavya Kar,5,2,Full-time
155,Lakshit Chaudhari,4,4,Full-time
156,Avi Varma,5,5,Visiting
157,Zilmil Agarwal,4,5,Full-time
158,Ishaan Agate,3,3,Full-time
159,Chanakya Salvi,4,5,Visiting
160,Lavanya Bhargava,4,4,Visiting
161,Devansh Muni,6,2,Visiting
162,Samaksh Bansal,6,2,Full-time
163,Rudra Mander,3,5,Visiting
164,Elijah Vig,1,2,Visiting
165,Chameli Khanna,2,2,Full-time
166,Abha Sarraf,1,1,Full-time
167,Tejas Mahajan,4,5,Full-time
168,Vedika Natarajan,4,4,Full-time
169,Geetika Sura,6,4,Visiting
170,Vinaya Anand,4,2,Full-time
171,Chaaya Dutt,6,1,Full-time
172,Qasim Dyal,4,2,Full-time
173,Ekavir Boase,6,5,Visiting
174,Gauri Korpal,1,5,Full-time
175,Adya Swaminathan,1,4,Full-time
176,Edhitha Taneja,4,5,Visiting
177,Thomas Chakraborty,4,5,Visiting
178,Parth Talwar,5,4,Full-time
179,Megha Lad,6,4,Visiting
180,Jai Rajan,3,2,Visiting
181,Samar Natarajan,5,4,Full-time
182,Warinder Sarraf,3,4,Full-time
183,Arjun Sandal,6,3,Full-time
184,Geetika Mishra,3,3,Visiting
185,Vasana Shetty,5,1,Full-time
186,Samarth Bajwa,2,2,Visiting
187,Laksh Boase,6,2,Full-time
188,Gopal Dada,1,4,Visiting
189,Ishita Mandal,3,5,Visiting
190,Jonathan Varty,4,1,Full-time
191,Nitesh Rama,4,4,Full-time
192,Chandran Bir,5,4,Visiting
193,Amrita Dewan,1,3,Visiting
194,Varenya Basak,4,4,Full-time
195,Max Parmar,4,2,Visiting
196,Fitan Nori,4,4,Full-time
197,Panini Pathak,4,3,Visiting
198,Harita Sachar,6,2,Visiting
199,Bhanumati Bali,2,5,Full-time
200,Irya Vyas,4,5,Full-time
201,Shivani Sarin,1,4,Full-time
202,Ganga Patil,4,2,Full-time
203,Arya Sachdev,3,4,Visiting
204,Noah Kata,2,4,Visiting
205,Ubika Radhakrishnan,3,4,Visiting
206,Tripti Patel,4,3,Full-time
207,Bhanumati Setty,4,1,Full-time
208,Guneet Chacko,3,2,Full-time
209,Anya Tara,6,1,Full-time
210,Ishaan Chaudry,2,2,Full-time
211,Janya Khosla,5,2,Full-time
212,Dalbir Sridhar,2,4,Full-time
213,Sara Sehgal,5,2,Visiting
214,Pallavi Ray,6,3,Visiting
215,Aarush Goda,2,5,Full-time
216,Kashish Dalal,2,3,Full-time
217,Tanvi Buch,5,1,Visiting
218,Tamanna Murty,5,4,Visiting
219,Nilima Dar,6,2,Full-time
220,Saumya Rama,5,2,Full-time
221,Ayush Mand,6,3,Full-time
222,Sanaya D’Alia,5,1,Visiting
223,Tejas Bansal,5,4,Visiting
224,Utkarsh Mangat,1,5,Visiting
225,David Talwar,1,4,Visiting
226,Yachana Narula,1,4,Visiting
227,Tanish Narang,6,4,Full-time
228,Ekaraj Kaur,4,2,Visiting
229,Unni Dey,5,5,Visiting
230,Warjas Solanki,4,4,Visiting
231,Imaran Issac,3,2,Full-time
232,Dipta Lalla,3,4,Full-time
233,Qasim Raman,4,5,Visiting
234,Priya Dar,3,1,Visiting
235,Gunbir Divan,3,2,Visiting
236,Naveen Vasa,2,3,Visiting
237,Ekaraj Dar,3,3,Visiting
238,Jhalak Pall,5,1,Full-time
239,Indali Chanda,1,2,Visiting
240,Brijesh Tiwari,4,5,Full-time
241,Avni Char,6,4,Visiting
242,Ridhi Vyas,4,1,Full-time
243,Widisha Wason,3,2,Visiting
244,Wakeeta Brahmbhatt,6,2,Visiting
245,Pushti Prasad,6,5,Visiting
246,David Arya,4,5,Visiting
247,Yahvi Kala,4,5,Visiting
248,Lucky Thakur,3,4,Visiting
249,Sachi Saxena,3,3,Full-time
250,Rudra Tailor,1,2,Visiting
251,Azad Apte,1,5,Full-time
252,Dipta Tripathi,2,2,Visiting
253,Tara Dixit,3,5,Visiting
254,Vinaya Kohli,1,2,Visiting
255,Charles Tata,2,3,Full-time
256,Vansha Ganesan,3,1,Full-time
257,Yashasvi Tailor,3,1,Full-time
258,Inaya Singh,5,3,Full-time
259,Abdul Maharaj,6,4,Full-time
260,Jonathan Agate,1,5,Visiting
261,Darsh Lalla,4,4,Visiting
262,Daniel Rajagopalan,3,2,Full-time
263,Ojasvi Shetty,3,4,Full-time
264,Charles Karan,1,4,Visiting
265,Rushil Sarkar,1,5,Full-time
266,Widisha Pandya,2,2,Visiting
267,Aachal Goel,1,2,Full-time
268,Aarna Johal,5,4,Full-time
269,Qarin Sharaf,5,4,Visiting
270,Ekta Gara,4,3,Visiting
271,Bina Balan,3,5,Full-time
272,Ikbal Nadig,5,1,Full-time
273,Yashvi Prashad,6,2,Visiting
274,Wazir Sandal,6,1,Full-time
275,Vrinda Desai,2,2,Full-time
276,Tarak Gulati,2,1,Visiting
277,Aradhana Merchant,4,5,Visiting
278,Gauri Chaudry,3,1,Full-time
279,Keya Narang,3,3,Visiting
280,Vasatika Narayan,1,2,Visiting
281,Ekavir Parmar,6,5,Full-time
282,Jalsa Bobal,4,1,Full-time
283,Omisha Atwal,6,2,Visiting
284,Urvashi Nanda,2,1,Full-time
285,Odika Arora,2,3,Visiting
286,Vihaan Menon,4,1,Visiting
287,Isaac Wali,6,3,Visiting
288,Ladli Kadakia,3,5,Visiting
289,Victor Patla,4,1,Full-time
290,Jacob Bava,4,3,Visiting
291,Daniel Gaba,1,1,Full-time
292,Rishi Subramaniam,6,5,Full-time
293,Gautami Parekh,6,3,Full-time
294,Thomas Warrior,2,4,Visiting
295,Umang Chopra,3,2,Visiting
296,Fariq Thakur,6,4,Full-time
297,Unni Shenoy,4,3,Visiting
298,Indrajit Karnik,3,3,Full-time
299,Gayathri Kapadia,2,3,Visiting
300,Harinakshi Ratti,6,4,Visiting
